Date,Predicted Price,Original Price,21 SMA,RSI,Upper BBand,Middle BBand,Lower BBand,MACD,MACD Signal,Score,Signal
5/16/2019,449.86945,456.1712,485.0784,32.37496753,540.9305493,482.450875,423.9712007,-26.98001171,-26.95457759,1,1
5/17/2019,452.37662,437.9548,480.3320143,27.74671761,530.5137478,476.99898,423.4842122,-27.21439667,-27.00654141,-1,-1
5/20/2019,445.52954,433.9528,474.9491619,26.83895503,517.4644518,471.346985,425.2295182,-27.4071439,-27.08666191,0,-1
5/21/2019,437.85538,433.9528,469.5663095,26.83895503,508.5335166,466.784215,425.0349134,-27.24582457,-27.11849444,0,0
5/22/2019,435.5681,433.6731,465.2074952,26.76797097,504.9036046,463.519925,422.1362454,-26.8312533,-27.06104621,0,0
5/23/2019,436.86758,449.9994,462.8760905,37.20754367,500.669347,461.332805,421.996263,-24.89829457,-26.62849588,1,1
5/24/2019,438.1092,447.9357,460.6948476,36.49925686,496.7505818,459.250315,421.7500482,-23.26475261,-25.95574723,-1,0
5/27/2019,445.06873,455.824,459.0871571,41.11364738,493.5087272,457.8202,422.1316728,-21.09052056,-24.9827019,0,1
5/28/2019,449.74658,453.6928,457.6236571,40.26239063,491.6296431,456.76762,421.9055969,-19.31672485,-23.84950649,0,0
5/29/2019,450.71054,456.123,456.7369238,41.74361412,489.709006,455.83655,421.964094,-17.51300314,-22.58220582,1,1
5/30/2019,454.61624,456.123,455.8501905,41.74361412,486.1868136,454.53421,422.8816064,-15.90025247,-21.24581515,0,0
5/31/2019,453.71643,456.123,454.6098667,41.74361412,483.3021838,453.457045,423.6119062,-14.45550193,-19.8877525,0,0
6/3/2019,456.26505,469.7684,454.2337762,50.37315558,479.6610042,452.64652,425.6320358,-12.07031785,-18.32426557,0,1
6/4/2019,462.73032,469.7684,453.4618476,50.37315558,475.5757675,451.835995,428.0962225,-10.06403042,-16.67221854,0,0
6/5/2019,465.8415,469.7684,452.689919,50.37315558,476.7018533,452.16773,427.6336067,-8.377462989,-15.01326743,-1,0
6/6/2019,465.21536,469.7684,453.0058571,50.37315558,477.2453515,452.319135,427.3929185,-6.960608589,-13.40273566,0,0
6/7/2019,467.49503,469.7684,453.1500524,50.37315558,477.7791541,452.47054,427.1619259,-5.771214302,-11.87643139,0,0
6/10/2019,468.65134,463.9148,453.0155048,46.12732519,478.9168206,453.49129,428.0657594,-5.240537704,-10.54925265,-1,-1
6/11/2019,469.18997,463.9148,453.9876476,46.12732519,479.3532886,454.892955,430.4326214,-4.765044213,-9.392410966,-1,0
6/12/2019,469.27753,450.9927,454.7072286,37.94002805,479.369735,454.959495,430.549255,-5.369026872,-8.587734147,0,-1
6/13/2019,458.56427,453.5578,454.8927476,40.20872245,479.2397001,454.828825,430.4179499,-5.576423805,-7.985472079,-1,1
6/14/2019,453.2294,453.5578,454.7683,40.20872245,478.7786285,455.608975,432.4393215,-5.675365291,-7.523450721,0,0
6/17/2019,453.02954,445.8431,455.1439333,35.66148199,477.6673091,456.20349,434.7396709,-6.303624685,-7.279485514,0,-1
6/18/2019,449.97018,445.8431,455.7101381,35.66148199,476.3359331,456.798005,437.2600769,-6.724014528,-7.168391317,0,0
6/19/2019,450.26404,448.8229,456.4182381,38.76371165,474.4434695,457.555495,440.6675205,-6.739047999,-7.082522653,0,1
6/20/2019,451.33325,448.8229,457.1396571,38.76371165,474.4973339,457.49667,440.4960061,-6.674028092,-7.000823741,0,0
6/21/2019,447.70273,448.8229,457.0836333,38.76371165,474.446033,457.54103,440.636027,-6.54702927,-6.910064847,0,0
6/24/2019,446.16034,426.3827,456.0573,26.66885125,477.7643538,456.068965,434.3735762,-8.163020172,-7.160655912,-1,-1
6/25/2019,435.34302,422.7472,454.4822143,25.29201875,480.6378173,454.521685,428.4055527,-9.626095435,-7.653743817,-1,-1
6/26/2019,430.28238,422.8725,453.014581,25.43490288,482.3687813,452.85916,423.3495387,-10.65268494,-8.253532041,1,0
6/27/2019,431.7179,438.3695,452.1691762,40.57329886,482.0966472,451.971485,421.8463228,-10.09936692,-8.622699016,0,1
6/28/2019,433.1434,457.7141,452.2449429,53.31479316,482.2279947,452.05104,421.8740853,-8.007604168,-8.499680046,0,1
7/1/2019,442.05008,441.0793,451.5285762,44.48255147,480.0055761,450.616585,421.2275939,-7.604496555,-8.320643348,0,-1
7/2/2019,443.02933,443.5962,450.282281,45.94176268,477.4746523,449.307975,421.1412977,-7.001232226,-8.056761124,0,1
7/3/2019,443.22528,452.2752,449.4492714,50.74896531,475.0479102,448.433315,421.8187198,-5.75646123,-7.596701145,0,1
7/4/2019,447.28836,430.8958,447.5981952,41.06211893,472.2520918,446.489685,420.7272782,-6.421091803,-7.361579276,0,-1
7/5/2019,445.19473,430.8958,445.747119,41.06211893,468.8121826,444.546055,420.2799274,-6.868638927,-7.262991206,0,0
7/8/2019,440.55542,409.3525,442.8701714,33.57298976,468.8690418,441.81794,414.7668382,-8.859560019,-7.582304969,-1,-1
7/9/2019,423.30316,418.5234,440.7086762,38.69859119,466.4190081,439.54837,412.6777319,-9.586853068,-7.983214589,0,1
7/10/2019,416.9622,417.9833,438.5214619,38.51012997,465.7896712,437.8979,410.0061288,-10.09050257,-8.404672185,0,0
7/11/2019,417.4827,409.8443,436.5620143,35.68948338,465.160427,435.712225,406.264023,-11.01937324,-8.927612396,1,-1
7/12/2019,414.4258,409.8443,434.480419,35.68948338,463.8287759,433.52655,403.2243241,-11.62154401,-9.466398718,1,0
7/15/2019,413.9472,404.9262,432.1646286,33.94699191,463.6480719,431.480705,399.3133381,-12.35321804,-10.04376258,0,-1
7/16/2019,412.96603,385.0318,429.2688524,27.99311558,465.6960634,428.44014,391.1842166,-14.37270718,-10.9095515,1,-1
7/17/2019,397.7562,385.7358,426.4066,28.47120148,465.6571208,425.285785,384.9144492,-15.73497693,-11.87463659,0,0
7/18/2019,389.8719,366.449,422.4840333,23.80761521,467.4655183,421.16709,374.8686617,-18.16151447,-13.13201216,0,-1
7/19/2019,377.7653,350.3349,417.7941286,20.74950874,470.0666313,416.24269,362.4187487,-21.14113431,-14.73383659,-1,-1
7/22/2019,366.25735,355.0216,413.3274,23.8146735,472.467051,412.674635,352.882219,-22.86080188,-16.35922965,0,1
7/23/2019,365.9587,356.8056,410.0142048,25.0037338,473.6864079,409.377555,345.0687021,-23.80528444,-17.84844061,0,0
7/24/2019,361.43567,360.6437,407.0568952,27.62101948,473.6120825,406.266115,338.9201475,-23.96780513,-19.07231351,-1,1
7/25/2019,357.57025,361.1355,404.1170381,27.96791158,470.7934306,402.404415,334.0153994,-23.78276687,-20.01440418,1,0
7/26/2019,358.754,353.2376,400.0631381,25.82715944,463.8105153,397.18059,330.5506647,-23.9967971,-20.81088277,0,-1
7/29/2019,355.19305,343.951,394.6458476,23.5450534,459.6031939,392.324175,325.0451561,-24.63182823,-21.57507186,-1,-1
7/30/2019,349.15475,358.4739,390.7122571,33.44873724,452.5460597,388.06806,323.5900603,-23.6901332,-21.99808413,1,1
7/31/2019,354.6612,356.1017,386.5458524,32.70354446,441.9516101,383.259385,324.5671599,-22.87160026,-22.17278735,0,0
8/1/2019,356.72662,347.6444,381.5634333,30.12660495,435.4466966,379.096815,322.7469334,-22.64431091,-22.26709206,0,-1
8/2/2019,351.8955,348.1266,377.6220429,30.46304309,427.5131419,374.958355,322.4035681,-22.16971428,-22.24761651,1,0
8/5/2019,349.41663,351.9839,373.8643333,33.23252931,423.0611692,372.089925,321.1186808,-21.23752816,-22.04559884,0,1
8/6/2019,350.91016,351.9839,371.1324952,33.23252931,415.7036532,368.76295,321.8222468,-20.2651598,-21.68951103,0,0
8/7/2019,352.04974,349.0909,367.8261857,32.11979699,407.1374324,365.31833,323.4992276,-19.50317137,-21.2522431,-1,0
8/8/2019,350.97058,341.8391,364.2002714,29.45722587,399.5522659,361.91807,324.2838741,-19.26240469,-20.85427542,0,-1
8/9/2019,350.1272,350.0552,361.3531714,35.9367346,389.7400766,358.928615,328.1171534,-18.19883986,-20.32318831,0,1
8/12/2019,347.02673,350.0552,358.5060714,35.9367346,378.8087216,356.185065,333.5614084,-17.15816839,-19.69018432,0,0
8/13/2019,348.58005,350.0552,355.8931667,35.9367346,372.8938739,354.436235,335.9785961,-16.1472928,-18.98160602,0,0
8/14/2019,349.32944,350.0552,354.2276143,35.9367346,364.3080843,352.652205,340.9963257,-15.17128153,-18.21954112,0,0
8/15/2019,348.40585,350.0552,352.5285381,35.9367346,361.6534382,351.832515,342.0115918,-14.23370824,-17.42237454,0,0
8/16/2019,350.7653,350.0552,351.747881,35.9367346,361.648736,351.81853,341.988324,-13.33693477,-16.60528659,0,0
8/19/2019,352.37604,338.001,351.1605524,29.69442575,362.3635009,350.9675,339.5714991,-13.44393521,-15.97301631,-1,-1
8/20/2019,344.89816,346.1979,350.7403762,37.62837838,361.6833028,350.437115,339.1909272,-12.72067647,-15.32254835,1,1
8/21/2019,343.46136,347.4998,350.2972429,38.80950506,360.0580427,349.77992,339.5017973,-11.90520052,-14.63907878,-1,0
8/22/2019,345.56555,347.2972,349.6616952,38.6867278,357.9856317,349.088005,340.1903783,-11.14678488,-13.94062,0,0
8/23/2019,347.50607,347.1622,348.9963,38.59910119,357.50757,348.784235,340.0609,-10.43632494,-13.23976099,1,0
8/26/2019,346.7954,349.0909,348.7988381,40.6668006,357.4780045,349.04123,340.6044555,-9.606907886,-12.51319037,-1,1
8/27/2019,350.02496,340.8844,348.6528095,35.23043497,356.1365266,348.161755,340.1869834,-9.502248854,-11.91100206,0,-1
8/28/2019,345.0503,326.1203,347.1121619,27.98283715,358.4594956,346.662685,334.8658744,-10.48972626,-11.6267469,1,-1
8/29/2019,337.0805,326.1203,345.6844762,27.98283715,360.3762412,345.58648,330.7967188,-11.14384986,-11.5301675,0,0
8/30/2019,330.6006,324.9824,344.6053333,27.4775702,361.6628325,344.42927,327.1957075,-11.62011707,-11.54815741,0,0
9/2/2019,329.96045,324.9824,343.5032286,27.4775702,361.8921302,343.079195,324.2662598,-11.86083791,-11.61069351,1,0
9/3/2019,327.98492,314.3747,341.7123143,22.98962511,363.305586,341.198735,319.091884,-12.7604689,-11.84064859,0,-1
9/4/2019,324.302,313.4007,339.875019,22.62422777,364.2751151,339.414225,314.5533349,-13.39758755,-12.15203638,1,-1
9/5/2019,316.4809,305.6956,337.8085762,19.9261148,366.4378228,337.60705,308.7762772,-14.35872738,-12.59337458,-1,-1
9/6/2019,312.52042,305.6956,336.0874571,19.9261148,366.7612322,335.38907,304.0169078,-14.94812494,-13.06432465,0,0
9/9/2019,308.58105,305.6956,333.9750952,19.9261148,366.3050028,333.17109,300.0371772,-15.23955465,-13.49937065,0,0
9/10/2019,307.28818,305.6956,331.8627333,19.9261148,365.1897032,330.95311,296.7165168,-15.29421263,-13.85833905,0,0
9/11/2019,307.30518,308.5887,329.8881381,24.4749607,363.2600846,328.879785,294.4994854,-14.93195422,-14.07306208,1,1
9/12/2019,308.6791,308.5887,327.9135429,24.4749607,360.8281631,326.80646,292.7847569,-14.4779688,-14.15404342,1,0
9/13/2019,307.76532,308.5887,325.9389476,24.4749607,357.8776391,324.733135,291.5886309,-13.95729112,-14.11469296,0,0
9/16/2019,308.20148,308.5887,323.9643524,24.4749607,356.531554,323.26252,289.993486,-13.39029532,-13.96981343,0,0
9/17/2019,307.9504,313.4103,322.7933667,33.00618742,353.408125,321.62314,289.838155,-12.40884282,-13.65761931,0,1
9/18/2019,311.41315,313.4103,321.2320524,33.00618742,349.553681,319.918665,290.283649,-11.49848724,-13.2257929,0,0
9/19/2019,311.5734,323.0537,320.0679524,46.91527051,345.6212732,318.70649,291.7917068,-9.884934724,-12.55762126,1,1
9/20/2019,317.2727,323.0537,318.9135,46.91527051,341.1744154,317.501065,293.8277146,-8.508106573,-11.74771832,0,0
9/23/2019,320.4552,323.0537,317.7654762,46.91527051,335.1789568,316.199205,297.2194532,-7.33243658,-10.86466198,0,0
9/24/2019,321.45975,324.9728,316.6169952,49.52023956,331.2536285,315.403625,299.5536215,-6.174676482,-9.926664877,-1,1
9/25/2019,322.9151,329.5245,316.0760476,55.14270446,331.9450635,315.573835,299.2026065,-4.834134223,-8.908158746,1,1
9/26/2019,327.27988,337.5381,316.6197524,62.96390425,334.6096556,316.144725,297.6797944,-3.089500439,-7.744427084,0,1
9/27/2019,328.85522,336.188,317.0991667,61.03314122,336.815293,316.705005,296.594717,-1.795114421,-6.554564552,0,-1
9/30/2019,334.6018,339.3318,317.7824714,63.81562152,339.5822572,317.422475,295.2626928,-0.509749713,-5.345601584,0,1
10/1/2019,336.84427,330.942,318.0662619,52.94938812,341.1202282,318.25084,295.3814518,-0.166160272,-4.309713322,0,-1
10/2/2019,335.3841,332.6971,318.9387571,54.68760509,342.8020866,319.21566,295.6292334,0.244935276,-3.398783602,0,1
10/3/2019,333.79083,328.1262,319.6399714,49.55314835,343.3721492,320.33719,297.3022308,0.199597197,-2.679107442,0,-1
10/4/2019,330.7111,328.213,320.7122286,49.64982227,343.7132163,321.46306,299.2129037,0.168725516,-2.109540851,-1,0
10/7/2019,331.75244,336.0338,322.1569048,57.54436073,344.8569928,322.97997,301.1029472,0.766496984,-1.534333284,1,1
10/8/2019,333.66663,329.8716,323.3081429,50.78740528,344.7437781,324.18877,303.6337619,0.734529935,-1.08056064,1,-1
10/9/2019,331.4834,335.3684,324.7211333,55.77586492,345.3181876,325.527755,305.7373224,1.139604983,-0.636527515,0,1
10/10/2019,331.7819,343.8835,326.4018381,62.17263561,347.0207578,327.292495,307.5642322,2.123251759,-0.08457166,0,1
10/11/2019,338.4281,349.7274,328.3608238,65.82601494,349.4237676,329.34943,309.2750924,3.335898643,0.5995224,0,1
10/14/2019,350.7586,345.7157,330.1287762,61.43924452,350.0886893,331.20578,312.3228707,3.927940519,1.265206024,0,-1
10/15/2019,343.49094,346.2172,331.9206095,61.78212366,350.9440272,332.846125,314.7482228,4.387033835,1.889571586,0,0
10/16/2019,347.66083,344.8478,333.4176333,60.20780587,350.8773038,334.418,317.9586962,4.587487757,2.42915482,0,-1
10/17/2019,345.55768,327.6054,334.0935905,44.74664434,350.5878038,334.645585,318.7033662,3.316797379,2.606683332,-1,-1
10/18/2019,338.99667,314.0661,333.6656095,36.76326796,351.8363652,334.196205,316.5560448,1.20338586,2.326023838,-1,-1
10/21/2019,324.41428,303.8537,332.7513238,32.10976916,354.8415583,333.236205,311.6308517,-1.280799073,1.604659256,0,-1
10/22/2019,316.67603,303.5452,331.8223476,31.97808608,357.1619099,332.164825,307.1677401,-3.237111495,0.636305105,-1,0
10/23/2019,315.786,297.952,330.5356429,29.60735502,359.699689,330.5862,301.472711,-5.17912594,-0.526781104,1,-1
10/24/2019,307.81714,303.8634,329.3136857,35.0849498,360.0378342,328.902465,297.7670958,-6.170061178,-1.655437118,-1,1
10/25/2019,301.8736,304.0659,327.7197714,35.27076552,360.0354514,327.29636,294.5572686,-6.859967006,-2.696343096,0,0
10/28/2019,303.45627,304.6445,326.2177,35.83591992,359.2289968,325.561995,291.8949932,-7.276159128,-3.612306302,1,0
10/29/2019,303.8488,306.0524,324.6329667,37.27111931,358.9239892,324.317515,289.7110408,-7.407005273,-4.371246097,1,1
10/30/2019,304.43372,306.1489,323.4523429,37.37451717,358.2397321,322.990105,287.7404779,-7.417411737,-4.980479225,1,0
10/31/2019,305.86963,303.6512,322.0692048,35.73276256,357.9059277,321.766355,285.6267823,-7.540282765,-5.492439933,1,-1
11/1/2019,307.08463,299.4756,320.7048905,33.11393589,357.5970853,320.329485,283.0618847,-7.883716387,-5.970695224,0,-1
11/4/2019,302.42838,308.579,319.7699381,42.93347318,355.8298524,318.956745,282.0836376,-7.336748241,-6.243905827,-1,1
11/5/2019,304.13702,307.8075,318.4258286,42.36581366,354.6746227,317.85354,281.0324573,-6.886146437,-6.372353949,0,0
11/6/2019,305.9759,314.8569,317.7108429,49.00101816,352.7727396,316.827965,280.8831904,-5.892290933,-6.276341346,0,1
11/7/2019,313.3585,315.8983,316.7836952,49.91830107,349.1624798,315.428705,281.6949302,-4.963405955,-6.013754268,-1,0
11/8/2019,311.22565,318.7721,315.5879143,52.45944739,343.8031862,313.88094,283.9586938,-3.949835035,-5.600970421,1,1
11/11/2019,316.83292,329.9295,314.6451571,60.77995548,340.3252424,313.09163,285.8580176,-2.220665397,-4.924909416,0,1
11/12/2019,322.27075,344.1053,314.5684714,68.35746019,339.7168022,312.986035,286.2552678,0.290236917,-3.88188015,1,1
11/13/2019,331.38943,361.3091,315.2871333,74.73670908,345.0471133,313.8091,282.5710867,3.626543437,-2.380195433,1,1
11/14/2019,348.14435,379.3712,316.9311048,79.42633688,358.4762054,316.39739,274.3185746,7.639981953,-0.376159955,1,1
11/15/2019,372.69778,392.7562,320.0335238,82.08093411,373.9392824,320.331895,266.7245076,11.76509781,2.052091597,1,1
11/18/2019,366.58673,397.549,324.0089,82.930251,387.659728,325.01666,262.373592,15.24528262,4.690729801,1,0
11/19/2019,384.71948,403.1036,328.7350857,83.88363872,400.3674763,329.99458,259.6216837,18.24128972,7.400841784,1,0
11/20/2019,396.80124,397.7515,333.2211,79.2883989,409.5875026,334.984555,260.3816074,19.95376263,9.911425954,-1,-1
11/21/2019,397.42435,380.8563,337.1689238,66.84053965,414.5538069,338.8342,263.1145931,19.72028514,11.87319779,1,-1
11/22/2019,387.88544,392.0233,341.3670143,70.17360375,420.563454,343.23207,265.900686,20.20344341,13.53924691,-1,1
11/25/2019,391.4835,410.0468,346.4137238,74.60961638,428.9017374,348.502185,268.1026326,21.78951961,15.18930145,1,1
11/26/2019,395.70108,395.0031,350.7165143,65.81142327,433.3054038,352.94972,272.5940362,21.58379106,16.46819938,1,-1
11/27/2019,399.17834,395.5239,354.9770619,65.96107286,436.8011245,357.41847,278.0358155,21.21818389,17.41819628,-1,0
11/28/2019,396.80634,415.2928,360.1743905,71.12734675,442.1754899,363.00055,283.8256101,22.26694313,18.38794565,1,1
11/29/2019,403.69193,436.055,366.4793333,75.35754803,449.4689478,369.82952,290.1900922,24.49111014,19.60857855,1,1
12/2/2019,422.73883,440.221,373.1814952,76.11377546,456.4729037,376.41162,296.3503363,26.28692064,20.94424697,0,0
12/3/2019,442.9047,421.2332,378.545981,66.14971108,457.8565482,382.082905,306.3092618,25.87963233,21.93132404,1,-1
12/4/2019,426.75488,424.1069,384.0840476,66.85687194,458.7607507,387.545405,316.3300593,25.49484825,22.64402888,0,0
12/5/2019,429.97058,419.6227,389.0728952,64.58938287,457.0990624,392.731625,328.3641876,24.5451257,23.02424824,0,-1
12/6/2019,422.677,420.1242,394.0360333,64.73343938,453.4455495,397.79923,342.1529105,23.56133024,23.13166464,1,0
12/9/2019,418.92178,423.3451,399.0157,65.69860572,449.5710331,402.47001,355.3689869,22.77898303,23.06112832,0,0
12/10/2019,421.30615,443.8469,404.4403381,71.11710707,449.6488433,407.45709,365.2653367,23.54191461,23.15728558,1,1
12/11/2019,438.62964,444.1941,409.2064714,71.20007899,451.0403942,411.60134,372.1622858,23.89906597,23.30564166,1,0
12/12/2019,432.64764,438.7745,412.8953,67.92017289,452.7823832,414.571505,376.3606268,23.47419862,23.33935305,-1,-1
12/13/2019,439.86615,439.4592,415.7566333,68.11998291,455.2075359,416.906655,378.6057741,22.92843304,23.25716905,0,0
12/16/2019,439.49838,445.062,418.2473857,69.77875625,458.3717352,419.282305,380.1928748,22.68649326,23.14303389,1,1
12/17/2019,440.1457,444.3098,420.4740905,69.25774186,461.1412211,421.342615,381.5440089,22.1783992,22.95010695,-1,0
12/18/2019,442.39777,458.0613,423.0911238,73.19776629,465.660654,424.358105,383.055556,22.62456027,22.88499762,0,1
12/19/2019,451.64053,449.7101,425.5653429,67.53684143,465.3315213,427.800795,390.2700687,22.05009433,22.71801696,1,-1
12/20/2019,449.2766,443.7408,428.5598429,63.74215818,464.6885554,430.38667,396.0847846,20.87254758,22.34892308,0,-1
12/23/2019,451.06708,435.9972,430.6538381,59.10290771,464.751374,431.68419,398.617006,19.09438134,21.69801474,0,-1
12/24/2019,442.00732,434.1457,431.8014048,58.01565194,462.105834,433.64132,405.176806,17.33593337,20.82559846,-1,0
12/25/2019,436.4521,434.1457,433.6653381,58.01565194,458.0396186,435.57241,413.1052014,15.76067147,19.81261306,0,0
12/26/2019,434.9685,437.868,435.6817238,59.74239543,457.1579659,436.70117,416.2443741,14.64381874,18.7788542,1,1
12/27/2019,436.92313,432.4581,436.499119,56.12919717,457.0607588,436.521325,415.9818912,13.17035157,17.65715367,0,-1
12/30/2019,435.64636,434.1553,436.4086571,57.00767055,456.7090749,436.21804,415.7270051,12.00122542,16.52596802,0,0
12/31/2019,437.10223,430.8476,435.9623048,54.70842675,456.1876641,436.69876,417.2098559,10.68461519,15.35769746,-1,-1
1/1/2020,432.30493,433.8853,436.5647857,56.44576957,455.8620832,437.18768,418.5132768,9.773644605,14.24088688,1,1
1/2/2020,430.73535,440.8285,437.3610524,60.20339606,455.1352991,438.24797,421.3606409,9.502414152,13.29319234,1,1
1/3/2020,436.6753,436.1418,438.1476762,56.65052562,453.8072115,439.04885,424.2904885,8.807754234,12.39610472,0,-1
1/6/2020,436.2299,422.9304,438.2813048,48.04339423,453.8755675,439.028115,424.1806625,7.109230888,11.33872995,1,-1
1/7/2020,434.33566,424.5119,438.3368667,49.04149909,454.0052788,438.061365,422.1174512,5.823621647,10.23570829,1,1
1/8/2020,432.2653,420.0374,437.203081,46.32971548,454.34134,436.85353,419.36572,4.39307171,9.067180975,0,-1
1/9/2020,423.0632,420.7799,436.088119,46.85487513,454.7559205,435.9538,417.1516795,3.281437751,7.91003233,-1,0
1/10/2020,419.65616,424.1455,435.3915,49.27762066,454.5944095,435.188115,415.7818205,2.641585074,6.856342879,0,1
1/13/2020,422.09515,419.8734,434.4588429,46.38691763,453.8703245,433.928685,413.9870455,1.769378161,5.838949935,0,-1
1/14/2020,420.8035,417.0286,433.123919,44.51430331,453.1994357,432.564625,411.9298143,0.8389257,4.838945088,1,-1
1/15/2020,421.184,419.4877,431.9419143,46.52395699,448.3870377,430.635945,412.8848523,0.296545844,3.930465239,1,1
1/16/2020,422.32172,424.3094,430.334681,50.32324387,444.9828781,429.36591,413.7489419,0.252861958,3.194944583,1,1
1/17/2020,420.73965,418.5716,428.8518952,46.12374658,442.9240198,428.10745,413.2908802,-0.241961165,2.507563434,0,-1
1/20/2020,418.957,410.6543,427.2763476,41.03511811,443.0137701,426.840305,410.6668399,-1.258465194,1.754357708,-1,-1
1/21/2020,413.80615,405.6301,425.8302952,38.15813195,443.6559717,425.414525,407.1730783,-2.441320885,0.915221989,-1,-1
1/22/2020,410.07822,403.9136,424.3906714,37.19857672,443.9234557,423.90292,403.8823843,-3.477167128,0.036744166,1,-1
1/23/2020,411.51575,400.3456,422.7811429,35.21617883,443.4447205,422.0268,400.6088795,-4.533728519,-0.877350371,1,-1
1/24/2020,408.15222,399.6705,420.9622143,34.8378721,443.3259352,420.38742,397.4489048,-5.363706492,-1.774621595,1,-1
1/27/2020,400.80685,398.7544,419.3572762,34.29941878,442.4780089,418.617375,394.7567411,-6.025928477,-2.624882971,1,-1
1/28/2020,398.6184,397.2886,417.601719,33.4096346,441.8218572,416.939425,392.0569928,-6.59302173,-3.418510723,1,-1
1/29/2020,397.732,395.3792,415.9127476,32.23648737,440.309265,415.01412,389.718975,-7.114508219,-4.157710222,0,-1
1/30/2020,396.22525,395.3792,414.0791238,32.23648737,436.4696457,412.741655,389.0136643,-7.442003238,-4.814568825,1,0
1/31/2020,397.58148,395.7071,411.9304857,32.70710035,432.9727794,410.71992,388.4670606,-7.587621236,-5.369179307,0,0
2/3/2020,398.60355,373.7201,408.9580238,21.78284516,434.9979799,408.259405,381.5208301,-9.369189511,-6.169181348,1,-1
2/4/2020,386.30798,382.3606,407.0261286,31.46984102,434.0535418,406.15184,378.2501382,-9.968963065,-6.929137691,0,1
2/5/2020,381.46173,382.3606,405.0189238,31.46984102,433.2326753,404.268,375.3033247,-10.3252647,-7.608363094,0,0
2/6/2020,382.04065,381.4252,403.1802476,30.98799483,431.8518238,402.300265,372.7487062,-10.56137038,-8.198964551,0,0
2/7/2020,383.01273,365.0893,400.5283143,24.05959949,431.2834317,399.347455,367.4114783,-11.92914468,-8.945000576,-1,-1
2/10/2020,378.41382,356.8346,397.3230333,21.44980963,431.6549762,396.195515,360.7360538,-13.52331264,-9.860662988,0,-1
2/11/2020,372.38055,358.7343,394.4116476,23.50622874,430.9272629,393.2808,355.6343371,-14.46664978,-10.78186035,0,1
2/12/2020,360.81708,373.0355,392.3167381,36.89905901,427.5681916,390.95819,354.3481884,-13.90003302,-11.40549488,0,1
2/13/2020,363.84274,367.7798,389.8544571,34.50790445,422.67622,388.13171,353.5872,-13.71695569,-11.86778704,1,-1
2/14/2020,366.09244,367.7798,387.1625714,34.50790445,418.2271896,385.59212,352.9570504,-13.41720045,-12.17766973,1,0
2/17/2020,365.8326,376.0924,385.1397524,41.46579747,414.6134784,383.864025,353.1145716,-12.36633353,-12.21540249,-1,1
2/18/2020,369.9953,371.2707,383.2643429,38.88519489,411.6534975,382.146055,352.6386125,-11.7867149,-12.12966497,0,-1
2/19/2020,373.9756,371.2707,381.628181,38.88519489,408.6016838,380.51391,352.4261362,-11.1982762,-11.94338721,0,0
2/20/2020,371.4499,373.1898,380.1651429,40.59184295,405.8697494,379.15612,352.4424906,-10.45654245,-11.64601826,0,1
2/21/2020,371.49545,366.5262,378.5546952,36.75391239,403.0012101,377.498905,351.9965999,-10.28781837,-11.37437828,0,-1
2/24/2020,368.49963,364.7614,376.8923571,35.78880249,399.901162,375.799255,351.697348,-10.17916881,-11.13533639,1,-1
2/25/2020,366.29385,361.6273,375.1244,34.07743931,396.7317157,374.01619,351.3006643,-10.22805626,-10.95388036,1,-1
2/26/2020,367.4608,361.6177,373.4257857,34.07206483,393.4009789,372.328115,351.2552511,-10.15056517,-10.79321732,0,0
2/27/2020,366.45325,356.8056,371.5889476,31.39886385,389.6635352,370.399435,351.1353348,-10.35804804,-10.70618347,0,-1
2/28/2020,359.69153,356.7092,369.747519,31.34580722,384.7371463,368.44954,352.1619337,-10.41025544,-10.64699786,0,0
3/2/2020,357.25787,381.3191,369.0623762,53.12304005,385.9256306,368.82949,351.7333494,-8.369340373,-10.19146636,-1,1
3/3/2020,370.34296,380.268,369.374181,52.35912185,385.5112816,368.72486,351.9384384,-6.75880418,-9.504933926,1,0
3/4/2020,385.89993,380.268,369.2745333,52.35912185,385.0884508,368.62023,352.1520092,-5.419964665,-8.687940074,0,0
3/5/2020,374.5199,374.9063,368.9195667,48.25400835,383.9750636,368.294285,352.6135064,-4.736964308,-7.89774492,0,-1
3/6/2020,378.95563,373.0933,368.5228095,46.91457659,384.4360828,368.694485,352.9528872,-4.29249435,-7.176694806,1,-1
3/9/2020,375.20105,375.3595,369.0118667,48.82669923,384.6247059,369.62073,354.6167541,-3.714566099,-6.484269065,-1,1
3/10/2020,374.11182,373.6816,369.8141048,47.46352011,384.5976536,370.368095,356.1385364,-3.353291646,-5.858073581,1,-1
3/11/2020,373.68164,385.7358,371.0998905,56.79563695,386.7090841,371.00311,355.2971359,-2.070439106,-5.100546686,1,1
3/12/2020,381.00302,368.4741,370.882681,44.58280367,386.718196,371.037825,355.357454,-2.418762169,-4.564189783,0,-1
3/13/2020,376.815,372.6015,371.1122857,47.49029679,386.8996532,371.27891,355.6581668,-2.334849331,-4.118321692,-1,1
3/16/2020,376.8944,353.6522,370.4395429,37.70857043,387.3754434,370.1569,352.9383566,-3.754122756,-4.045481905,1,-1
3/17/2020,364.81592,348.6087,369.1307952,35.60642602,388.6186832,369.0238,349.4289168,-5.225637573,-4.281513039,-1,-1
3/18/2020,355.32672,322.4655,366.8067381,27.1556872,394.7378526,366.58354,338.4292274,-8.404479808,-5.106106392,0,-1
3/19/2020,338.0357,317.1809,364.2310333,25.8215904,399.0065387,363.783095,328.5596513,-11.2208117,-6.329047454,-1,-1
3/20/2020,331.4824,331.7328,362.2568905,35.25417252,399.8921308,362.043425,324.1947192,-12.13863172,-7.490964307,1,1
3/23/2020,331.60718,331.7328,360.6000619,35.25417252,400.4405277,360.391995,320.3434623,-12.71938948,-8.536649342,0,0
3/24/2020,331.4132,323.0537,358.613981,32.40397039,401.6782453,358.463315,315.2483847,-13.72179868,-9.57367921,-1,-1
3/25/2020,326.84793,312.6485,356.2816571,29.3412703,403.568612,356.014855,308.461098,-15.18083268,-10.6951099,1,-1
3/26/2020,321.12167,305.8499,353.6260476,27.51158816,405.7984607,353.46707,301.1356793,-16.69328801,-11.89474553,-1,-1
3/27/2020,312.1712,298.897,350.8684952,25.74353205,408.010145,350.57646,293.142775,-18.24267053,-13.16433053,0,-1
3/30/2020,307.7557,303.767,348.3474381,29.17676901,405.755506,346.698855,287.642204,-18.8601905,-14.30350252,0,1
3/31/2020,307.41855,306.9203,344.8046381,31.38877194,402.4029982,343.03147,283.6599418,-18.87752619,-15.21830725,0,1
4/1/2020,306.99704,303.4969,341.1488714,30.28295005,398.3649097,339.192915,280.0209203,-18.94907153,-15.96446011,0,0
4/2/2020,304.3412,316.6505,338.1194667,39.15292209,393.8468731,336.280125,278.7133769,-17.7398917,-16.31954643,-1,1
4/3/2020,308.43396,323.2948,335.6617762,43.0915868,389.0334199,333.7902,278.5469801,-16.06033495,-16.26770413,0,1
4/6/2020,316.58325,320.6333,333.163681,41.92100205,383.120033,331.05389,278.987747,-14.77373254,-15.96890981,-1,0
4/7/2020,323.82935,328.2805,330.9218238,46.4243785,377.0371732,328.783835,280.5304968,-12.98731603,-15.37259106,0,1
4/8/2020,320.90518,328.8301,328.7860381,46.74398585,366.5254596,325.93855,285.3516404,-11.39585563,-14.57724397,1,0
4/9/2020,327.31165,345.6096,326.8752667,55.47677758,361.6410142,324.795325,287.9496358,-8.680582025,-13.39791158,1,1
4/10/2020,334.77448,369.4867,326.9234857,64.41808467,360.6935102,324.639585,288.5856598,-4.549580974,-11.62824546,-1,1
4/13/2020,349.10352,359.2936,326.2897762,58.97331683,361.9540874,324.921655,287.8892226,-2.074319399,-9.717460248,1,-1
4/14/2020,354.77994,379.4965,327.5204571,65.24373826,369.4233262,326.466045,283.5087638,1.50025442,-7.473917314,-1,1
4/15/2020,374.57358,404.5694,330.1852524,71.13915942,385.2954892,330.57124,275.8469908,6.283866907,-4.72236047,1,1
4/16/2020,374.57074,418.1183,334.7401476,73.73209304,401.874409,335.61811,269.361811,11.04092436,-1.569703504,1,1
4/17/2020,396.1435,438.7552,340.5294,77.10597363,420.9679297,340.96923,260.9705303,16.28838961,2.001915118,1,1
4/20/2020,420.3015,440.086,345.6890762,77.30837934,437.1070768,346.38689,255.6667032,20.32018957,5.665570008,1,0
4/21/2020,429.77237,416.2379,349.7131286,66.04062345,445.9685131,351.0461,256.1236869,21.34502555,8.801461116,-1,-1
4/22/2020,421.925,422.5061,354.4489571,67.38613335,454.6002301,356.53898,258.4777299,22.40473892,11.52211668,0,1
4/23/2020,421.80472,426.5081,359.8708429,68.25105236,462.24979,362.57189,262.89399,23.29892189,13.87747772,1,0
4/24/2020,427.21912,427.7424,365.6752476,68.52827079,468.0505832,369.01416,269.9777368,23.83244048,15.86847027,0,0
4/27/2020,428.61575,423.9719,371.6311952,66.61478054,472.0623007,375.024405,277.9865093,23.678064,17.43038902,0,0
4/28/2020,424.98105,415.7268,376.9626143,62.50469565,473.7474606,380.46473,287.1819994,22.62954949,18.47022111,-1,-1
4/29/2020,419.81476,421.4357,382.4157286,64.15385942,474.1881291,386.36167,298.5352109,22.005588,19.17729449,0,1
4/30/2020,421.26343,439.4495,388.8896619,68.8147949,477.0854546,392.50162,307.9177854,22.70295163,19.88242592,0,1
5/1/2020,432.97263,439.4495,394.7372333,68.8147949,478.9468762,398.309355,317.6718338,22.99059606,20.50405994,0,0
5/4/2020,429.78644,437.9837,400.1986095,67.98062486,478.1552198,404.176875,330.1985302,22.83702749,20.97065345,0,0
5/5/2020,436.79156,436.6337,405.7224381,67.17299712,476.0326903,409.594535,343.1563797,22.3487669,21.24627614,1,0
5/6/2020,436.97998,427.0674,410.4265762,61.58924811,469.9501032,414.5064,359.0626968,20.94841611,21.18670414,1,-1
5/7/2020,431.67404,421.1946,414.8248857,58.38085544,463.8539054,418.28565,372.7173946,19.14406131,20.77817557,-1,-1
5/8/2020,425.48456,426.2381,418.6643381,60.29384224,460.8804768,421.12322,381.3659632,17.91455757,20.20545197,-1,1
5/11/2020,427.30176,423.8562,421.2533619,58.91653074,452.2057865,424.35135,396.4969135,16.55710754,19.47578308,1,0
5/12/2020,426.45932,439.5267,425.0739857,64.63950238,446.936019,427.35286,407.769701,16.55496171,18.89161881,0,1
5/13/2020,431.5675,435.3029,427.7314333,62.12736941,445.708514,428.889535,412.070556,16.02767865,18.31883078,0,-1
5/14/2020,433.58807,434.2132,429.1430429,61.46370029,445.9039061,429.69428,413.4846539,15.34498591,17.7240618,1,0
5/15/2020,431.7012,438.5141,430.1142714,63.13745215,445.8652157,429.682225,413.4992343,14.97833278,17.174916,-1,1
5/18/2020,435.37302,440.1418,430.1803,63.77864033,445.8751969,429.685015,413.4948331,14.65022069,16.66997694,1,0
5/19/2020,438.41275,465.3997,431.3857143,71.9361118,453.5182291,432.143105,410.7679809,16.24107395,16.58419634,0,1
5/20/2020,443.76654,459.8402,433.4620143,68.29046921,458.0474684,434.00981,409.9721516,16.85889261,16.63913559,1,-1
5/21/2020,454.60934,461.5169,435.3196714,68.80395796,462.3238666,435.76025,409.1966334,17.28456829,16.76822213,-1,0
5/22/2020,459.13678,461.5169,436.9867571,68.80395796,465.9804029,437.448975,408.9175471,17.42109973,16.89879765,0,0
5/25/2020,459.4352,461.5169,438.5950667,68.80395796,468.9821317,439.326225,409.6703183,17.32953776,16.98494567,0,0
5/26/2020,460.93842,461.5169,440.3829238,68.80395796,470.6950029,441.61573,412.5364571,17.06031356,17.00001925,0,0
5/27/2020,460.17264,461.5169,442.5634048,68.80395796,472.3826771,443.61979,414.8569029,16.6549634,16.93100808,0,0
5/28/2020,462.10303,455.1044,444.1666762,63.13974734,473.5187488,444.402535,415.2863212,15.63604275,16.67201501,1,-1
5/29/2020,462.4001,489.236,446.5374619,74.95718038,481.8213369,446.89186,411.9623831,17.38230329,16.81407267,0,1
6/1/2020,470.05994,509.66,449.880819,79.24516293,494.5300761,450.475675,406.4212739,20.18163216,17.48758457,-1,1
6/2/2020,486.25595,517.5531,453.6698381,80.62581638,506.8367183,454.521645,402.2065717,22.77449744,18.54496714,1,1
6/3/2020,503.7982,509.9444,457.1608238,75.41763835,514.6277159,458.665495,402.7032741,23.93944434,19.62386258,0,-1
6/4/2020,515.2024,524.8187,461.8156476,78.36049899,524.0033815,463.8467,403.6900185,25.76589169,20.8522684,1,1
6/5/2020,512.90894,548.9981,467.9015286,82.10983317,538.0684498,469.9847,401.9009502,28.83208158,22.44823104,-1,1
6/8/2020,529.65857,564.3137,474.4765571,84.00077836,553.1136736,477.007575,400.9014764,32.12755365,24.38409556,-1,1
6/9/2020,547.3748,562.1958,481.0641571,82.69904757,565.6765054,483.14103,400.6055546,34.17440096,26.34215664,0,0
6/10/2020,551.7136,575.0797,487.5190619,84.29360765,578.7277008,490.12987,401.5320392,36.41637989,28.35700129,-1,1
6/11/2020,566.34625,590.0816,494.8894762,85.92077839,592.6827798,497.92329,403.1638002,38.95464737,30.47653051,0,1
6/12/2020,584.17883,582.7571,501.9629952,81.48227816,602.6278252,505.13544,407.6430548,39.91510027,32.36424446,-1,-1
6/15/2020,577.6503,579.5607,508.6795,79.550971,609.9500261,512.106385,414.2627439,39.95773545,33.88294266,0,0
6/16/2020,583.3861,576.7662,515.1854238,77.81446535,616.9179897,517.67471,418.4314303,39.31285719,34.96892556,0,0
6/17/2020,578.63324,574.8052,520.3952095,76.55163975,621.9159624,523.42296,424.9299576,38.20316788,35.61577403,0,0
6/18/2020,574.0244,581.7668,526.2012381,77.92147771,626.7524619,529.435455,432.1184481,37.45373075,35.98336537,-1,0
6/19/2020,579.3654,586.1301,532.1352,78.75904823,630.7218137,535.666115,440.6104163,36.78781128,36.14425455,1,0
6/22/2020,581.5986,574.4326,537.5121381,70.98446112,631.3620703,541.3119,451.2617297,34.91371128,35.8981459,0,-1
6/23/2020,580.15857,587.1596,543.4951238,73.99256029,631.844413,547.594035,463.343657,34.06278152,35.53107302,-1,1
6/24/2020,584.8394,582.5414,549.2581952,71.1116251,629.2367009,553.64526,478.0538191,32.6395154,34.9527615,0,-1
6/25/2020,582.1245,589.7776,555.3658476,72.89259233,622.441358,560.37892,498.316482,31.72970729,34.30815065,1,1
6/26/2020,581.02893,615.9475,563.0250429,78.14111431,624.1296373,566.714495,509.2993527,32.74292991,33.99510651,0,1
6/29/2020,601.7553,643.1861,570.356,82.03913164,633.6962273,573.3908,513.0853727,35.33650627,34.26338646,1,1
6/30/2020,644.5206,650.0791,577.0426238,82.87155062,643.3713618,580.0171,516.6628382,37.51568426,34.91384602,1,0
7/1/2020,622.164,634.2046,582.5974571,74.32790904,645.0907665,586.23011,527.3694535,37.5291464,35.4369061,0,-1
7/2/2020,636.7222,625.2035,588.0859857,69.92585323,645.2245163,591.24935,537.2741837,36.39397461,35.6283198,-1,-1
7/3/2020,632.2434,626.2134,592.9143048,70.13953509,647.4662023,595.110115,542.7540277,35.17041068,35.53673797,0,0
7/6/2020,626.50073,626.2624,596.5935571,70.15061694,650.238239,598.20755,546.176861,33.8148844,35.19236726,1,0
7/7/2020,625.8581,623.0562,599.390819,68.36283393,651.592149,601.25057,550.908991,32.11174233,34.57624227,0,-1
7/8/2020,623.921,623.7719,602.3230143,68.55547701,653.4347975,603.68518,553.9355625,30.46851886,33.75469759,-1,0
7/9/2020,625.1304,619.3596,604.431581,65.89165648,654.9344036,605.14908,555.3637564,28.48189513,32.7001371,1,-1
7/10/2020,626.3325,607.3876,605.2556762,59.17313455,655.0964532,606.380605,557.6647568,25.64581221,31.28927212,1,-1
7/13/2020,614.48566,597.4158,605.9537095,54.2146234,654.6258457,607.27336,559.9208743,22.33607873,29.49863344,0,-1
7/14/2020,603.6582,598.0237,606.8329,54.46512709,653.8193415,608.336235,562.8531285,19.53693393,27.50629354,1,0
7/15/2020,600.5968,593.2094,607.6159095,52.03692601,652.6871253,609.256445,565.8257647,16.73718193,25.35247122,-1,-1
7/16/2020,598.23364,588.2774,608.2574429,49.59743114,652.274926,609.581975,566.889024,13.95947102,23.07387118,0,-1
7/17/2020,596.1398,591.2386,608.708481,51.0802956,652.0241857,609.8374,567.6506143,11.86034058,20.83116506,1,1
7/20/2020,595.7071,602.0928,609.4686095,56.17044583,650.3786762,611.22041,572.0621438,10.94642424,18.85421689,1,1
7/21/2020,594.48724,598.259,610.6032,54.03192477,649.8536279,611.77538,573.6971321,9.799817151,17.04333695,1,-1
7/22/2020,593.36194,595.9548,611.022019,52.73247581,648.8779976,612.44605,576.0141024,8.605988608,15.35586728,-1,0
7/23/2020,595.4957,598.5238,611.7830857,54.05906731,648.4152601,612.88336,577.3514599,7.777513384,13.8401965,-1,0
7/24/2020,595.33813,598.6807,612.2070429,54.14371532,648.0477846,612.02002,575.9922554,7.052306717,12.48261854,-1,0
7/27/2020,598.6659,602.9851,611.5897857,56.51110459,643.2349556,610.00997,576.7849844,6.747127627,11.33552036,-1,1
7/28/2020,602.8263,606.2502,609.8309333,58.27096296,635.5026374,607.818525,580.1344126,6.691600676,10.40673642,1,1
7/29/2020,602.19525,607.5053,607.8036095,58.9584891,631.3844874,606.48356,581.5826326,6.671961033,9.659781345,-1,0
7/30/2020,601.16187,616.6436,606.9673714,63.65396534,629.9277563,606.055565,582.1833737,7.309521302,9.189729336,0,1
7/31/2020,611.6205,616.6436,606.5597571,63.65396534,628.1628967,605.577075,582.9912533,7.725734945,8.896930458,1,0
8/3/2020,612.1489,616.3985,606.092381,63.42823694,626.2260296,605.08388,583.9417304,7.944233554,8.706391077,0,0
8/4/2020,614.2266,605.7109,605.1137381,54.37361142,623.6963396,604.216615,584.7368904,7.172317268,8.399576315,0,-1
8/5/2020,615.82135,601.0143,604.0641238,50.93270649,620.3949042,603.078735,585.7625658,6.111146191,7.94189029,-1,-1
8/6/2020,605.42267,606.8189,603.2568381,54.74449922,618.2016675,602.4517,586.7017325,5.673146673,7.488141567,1,1
8/7/2020,602.66736,609.8683,602.8048714,56.64976434,618.5171436,602.575735,586.6343264,5.508590394,7.092231332,-1,1
8/10/2020,606.35626,612.2607,603.0369238,58.13878245,619.6078394,603.31798,587.0281206,5.507735298,6.775332126,-1,1
8/11/2020,608.0019,631.616,604.6655048,67.78090507,625.2120651,604.997595,584.7831249,6.988311673,6.817928035,0,1
8/12/2020,613.66394,630.3806,606.2063095,66.7244808,629.1244037,606.856155,584.5879063,7.970118102,7.048366048,-1,0
8/13/2020,625.37476,647.6474,608.7985952,73.04743521,636.738927,609.824655,582.910383,10.02592065,7.643876969,1,1
8/14/2020,634.9434,647.6474,611.6257381,73.04743521,642.804376,612.645095,582.485814,11.52233666,8.419568908,0,0
8/17/2020,638.397,685.299,616.1048048,81.79553971,660.0927855,616.805405,573.5180245,15.56698012,9.849051151,1,1
8/18/2020,665.3732,677.0039,619.672,75.94700104,670.4192808,620.74265,571.0660192,17.89674147,11.45858921,1,-1
8/19/2020,688.2329,672.0229,623.1845667,72.59057132,677.5833004,624.546055,571.5088096,19.12075686,12.99102274,1,-1
8/20/2020,670.01587,676.5823,627.0239714,73.73482689,684.6463172,628.44898,572.2516428,20.22555574,14.43792934,-1,0
8/21/2020,677.5029,676.5529,630.7396429,73.7134574,690.5067305,632.34259,574.1784495,20.85830295,15.72200407,-1,0
8/24/2020,674.78253,677.0333,634.470719,73.84683597,695.6714652,636.045,576.4185348,21.15466611,16.80853647,1,0
8/25/2020,671.5116,682.2692,638.2461524,75.31686513,701.0612731,639.84595,578.6306269,21.56345928,17.75952104,0,1
8/26/2020,678.7431,693.3686,642.3946476,78.12399537,707.6791968,644.139115,580.5990332,22.52342363,18.71230155,1,1
8/27/2020,684.5097,695.3493,646.5776952,78.59188619,714.0190136,648.0744,582.1297864,23.17685982,19.60521321,1,0
8/28/2020,686.57495,747.4929,652.8086143,86.67305437,731.7965596,654.616865,577.4371704,27.58429091,21.20102875,1,1
8/31/2020,710.15326,752.8759,659.2958667,87.20981496,747.5179292,661.440735,575.3635408,31.15246864,23.19131673,1,0
9/1/2020,735.13556,758.2491,666.0506571,87.74059279,760.88166,669.067645,577.25363,34.02166694,25.35738677,1,0
9/2/2020,739.40283,755.1212,673.1654333,85.51581359,770.299004,676.77299,583.246976,35.63238393,27.4123862,-1,0
9/3/2020,747.486,758.3863,680.6593381,85.91723685,778.536391,684.35136,590.166329,36.74873846,29.27965665,-1,0
9/4/2020,752.8456,754.68,687.7003429,83.10178848,784.0083615,691.591945,599.1755285,36.90892689,30.8055107,0,-1
9/7/2020,756.36145,747.21,694.2404238,77.58353618,786.1953445,698.33941,610.4834755,36.01791866,31.84799229,0,-1
9/8/2020,757.45984,749.23,700.7627714,78.00879724,789.1194766,704.22011,619.3207434,35.07051428,32.49249669,0,0
9/9/2020,748.6627,740.04,705.925819,71.3747028,788.7841072,709.70308,630.6220528,33.19547649,32.63309265,0,-1
9/10/2020,740.9319,769.45,712.5481714,77.86288787,793.5698616,715.79321,638.0165584,33.69423064,32.84532025,1,1
9/11/2020,758.8376,750.09,717.4263905,67.08371703,793.3773738,720.91534,648.4533062,32.15662513,32.70758122,0,-1
9/14/2020,754.4117,770.05,723.2550857,71.46912329,798.6923845,725.15289,651.6133955,32.17774189,32.60161336,-1,1
9/15/2020,757.1577,776.46,727.5960857,72.72582677,803.4193575,730.125695,656.8320325,32.33892748,32.54907618,1,1
9/16/2020,769.0195,767.91,731.9249476,68.39814994,804.8511688,734.92005,664.9889312,31.41462642,32.32218623,-1,-1
9/17/2020,768.4564,762.77,736.2462381,65.86083107,804.7316755,739.229435,673.7271945,29.922429,31.84223478,-1,-1
9/18/2020,761.17566,770.11,740.6999381,67.70332526,803.9744728,743.90729,683.8401072,28.99785917,31.27335966,0,1
9/21/2020,767.5866,777.94,745.5278952,69.58886708,802.276764,748.952625,695.628486,28.56763655,30.73221504,1,1
9/22/2020,772.32117,776.02,750.2415476,68.53229822,798.5040078,753.640165,708.7763222,27.75184805,30.13614164,0,0
9/23/2020,772.01904,776.3,754.7192048,68.60715484,794.1205971,757.786735,721.4528729,26.81877331,29.47266797,0,0
9/24/2020,778.29004,767.83,758.2649857,63.67281255,783.9518835,761.41077,738.8696565,25.10643529,28.59942144,1,-1
9/25/2020,771.2314,768.11,761.729781,63.76558955,784.2151333,762.441625,740.6681167,23.50108288,27.57975373,1,0
9/28/2020,764.75934,753.67,762.0239286,55.8445332,784.187712,762.48133,740.774948,20.8236007,26.22852312,1,-1
9/29/2020,757.00757,768.17,762.752219,61.07362407,784.7276075,762.977375,741.2271425,19.64524742,24.91186798,-1,1
9/30/2020,764.62134,766.64,763.1517857,60.26266644,785.0494741,763.553315,742.0571559,18.37610741,23.60471587,1,0
10/1/2020,764.37213,767.33,763.7331571,60.51728719,785.4200709,764.0005,742.5809291,17.22739536,22.32925176,1,0
10/2/2020,769.3269,756.13,763.6257143,54.42163373,785.3753849,764.073,742.7706151,15.23763639,20.91092869,1,-1
10/5/2020,760.9215,752.55,763.5242857,52.59791023,784.9115872,764.34,743.7684128,13.2194761,19.37263817,0,-1
10/6/2020,752.31024,750.43,763.677619,51.49735991,784.80125,764.4,743.99875,11.31853028,17.76181659,0,-1
10/7/2020,749.8647,764.05,764.3833333,57.63096629,782.682326,765.6005,748.518674,10.78669489,16.36679225,-1,1
10/8/2020,758.6505,770.83,765.8495238,60.32094657,782.8239612,765.6695,748.5150388,10.78794414,15.25102263,0,1
